Player,Login Code
Elton,SABLE
Saanvi,SORREL
Sampada,PINNACE
Shivangi,VELLUM
Saima,UPLINK
Nathan,TALON
Kiandra,FABLE
Anmoll,BELLWETHER
Anshu,INKWELL
Balesh,CANTO
Nilisha,VESSEL
Manasi,TRESTLE
Shivani,LATTICE
Anjul,ZEUGMA
Amrusha,CITADEL
Aashna,WISP
Anushka,LANTERN
Yonella,MARQUIS
Pujah,YARROW
Jack,OBELISK
Shivali,GOUACHE
Divya,ORIEL
Shivansh,TRUANT
Umair,RADIAN
Sharon,MURMUR
Arun,HALCYON
Bosco Marottikal,VORLUNE
Ankit Ghanekar,KEXTRAL
Alvin Augustine,MORVANE
Docdcp,ZELTRIX
Aryan Dabholkar,DAXVORE
Siddhi Wadekar,KIRVANI
Samuel Cordeiro,PELDRUM
Prajyot Lotlikar,RAVNEX
Selwyn Joshua Coelho,LORVEX
Hagen Desa,NEXHARBOR